ISO,Country,Data source,Sector,Gas,Unit,2021,2020,2019,2018,2017,2016,2015,2014,2013,2012,2011,2010,2009,2008,2007,2006,2005,2004,2003,2002,2001,2000,1999,1998,1997,1996,1995,1994,1993,1992,1991,1990
WORLD,World,Climate Watch,Total including LUCF,All GHG,MtCO₂e,49553.48,47463.17,49843.57,49482.1,48341.29,47668.47,46993.49,47070.12,46430.94,45781.16,45247.67,45069.96,43259.02,43295.95,43050.98,42265.06,40790.65,39853.62,38018.3,37029.87,36091.22,36011.6,35281.42,35278.92,35739.15,34372.44,33982.29,33191.77,32924.03,32787.52,32880.8,32735.02
CHN,China,Climate Watch,Total including LUCF,All GHG,MtCO₂e,12791.58,12119.66,11953.6,11752.8,11256.52,11028.2,10976.57,11102.92,11033.52,10551.52,10266.06,9776.66,8955.38,8388.05,8134.35,7533.82,6862.75,6099.63,5344.61,4681.69,4390.73,4185.16,3994.55,4061.45,3942.74,3945.97,3924.59,3527.2,3369.99,3141.65,3013.46,2866.1
USA,United States,Climate Watch,Total including LUCF,All GHG,MtCO₂e,5564.83,5268.61,5798.48,5915.33,5702.26,5756.06,5678.8,5788.13,5741.0,5598.49,5815.39,6031.04,5760.48,6177.47,6364.51,6259.1,6349.58,6330.3,6248.12,6183.84,6336.35,6375.06,6211.89,6211.39,6164.55,5904.89,5734.76,5665.64,5573.08,5462.21,5379.11,5428.4
IND,India,Climate Watch,Total including LUCF,All GHG,MtCO₂e,3419.89,3176.03,3385.58,3407.73,3242.05,3118.38,3043.88,3023.53,2841.87,2777.35,2620.5,2582.36,2472.5,2318.77,2219.16,2072.27,1973.75,1901.83,1811.82,1767.53,1748.15,1500.33,1462.77,1384.94,1355.73,1295.25,1246.36,1180.19,1135.6,1103.18,1079.89,1025.63
EUU,European Union (27),Climate Watch,Total including LUCF,All GHG,MtCO₂e,3140.23,2964.35,3239.82,3386.07,3467.45,3450.97,3105.21,3049.64,3195.51,3275.66,3337.67,3707.35,3628.15,3896.15,3989.15,4023.86,4023.35,4048.0,4047.17,3957.8,3972.03,3965.15,3960.47,4034.79,4070.41,4147.6,4034.05,3984.79,3997.83,4072.81,4213.83,4284.61
RUS,Russia,Climate Watch,Total including LUCF,All GHG,MtCO₂e,1975.57,1836.79,1919.68,1867.49,1773.11,1740.17,1608.12,1630.84,1635.68,1679.17,1698.86,1526.56,1438.05,1571.39,1568.83,1558.22,1519.74,1494.87,1498.16,1421.37,1415.11,1801.45,1747.0,1718.38,1714.75,1864.2,1907.38,1982.81,2216.32,2405.59,2559.82,2631.99
BRA,Brazil,Climate Watch,Total including LUCF,All GHG,MtCO₂e,1531.51,1470.25,1467.54,1445.49,1487.79,1465.59,1382.6,1396.9,1356.86,1335.01,1289.83,2128.86,2020.63,2048.91,2049.76,2010.41,2022.83,2007.27,1959.32,1945.81,1908.14,1815.4,1812.89,1801.52,1765.51,1733.77,1731.19,1704.41,1687.58,1676.19,1666.21,1645.19
IDN,Indonesia,Climate Watch,Total including LUCF,All GHG,MtCO₂e,1484.66,1481.59,1919.32,1648.05,1393.73,1390.59,2020.62,1981.44,1611.99,1667.06,1645.82,1085.33,1439.9,1039.74,1056.4,1613.8,1187.78,1460.57,1111.78,1445.36,960.01,1130.23,1198.71,1306.43,2074.64,1103.84,1250.82,1214.15,1192.86,1176.56,1155.42,1133.9
JPN,Japan,Climate Watch,Total including LUCF,All GHG,MtCO₂e,1071.59,1064.38,1126.04,1167.48,1210.92,1227.46,1219.55,1256.7,1303.35,1287.52,1244.12,1137.38,1079.94,1137.51,1207.38,1172.07,1192.58,1186.04,1196.15,1189.39,1159.09,1203.08,1188.23,1158.24,1204.63,1217.39,1201.91,1186.59,1128.89,1135.56,1122.45,1107.01
IRN,Iran,Climate Watch,Total including LUCF,All GHG,MtCO₂e,952.23,908.39,898.34,880.6,885.89,856.89,819.34,821.08,796.15,773.64,773.83,718.63,714.48,692.89,685.73,653.47,612.52,573.01,537.39,501.64,488.24,497.93,470.16,434.94,433.02,415.28,399.98,390.18,358.5,350.97,329.31,302.04
CAN,Canada,Climate Watch,Total including LUCF,All GHG,MtCO₂e,733.27,721.31,778.44,788.43,769.95,753.91,857.06,857.16,849.47,838.14,838.85,988.74,970.67,1004.8,1027.81,995.43,1006.14,992.88,1002.98,980.53,959.31,733.73,716.44,717.28,700.87,689.15,667.37,651.79,633.93,638.08,623.85,627.95
SAU,Saudi Arabia,Climate Watch,Total including LUCF,All GHG,MtCO₂e,730.64,708.47,717.3,712.36,724.59,730.92,722.94,689.52,646.01,629.86,593.65,562.22,517.5,504.68,465.09,445.14,422.65,402.55,385.36,364.48,346.69,342.87,326.57,322.26,306.16,299.98,284.5,285.62,286.61,289.45,271.95,238.89
DEU,Germany,Climate Watch,Total including LUCF,All GHG,MtCO₂e,713.29,684.63,740.33,791.24,819.85,837.12,834.28,829.6,870.45,854.06,840.84,881.42,850.93,907.43,904.59,933.02,924.24,946.19,962.83,961.75,977.96,926.2,933.75,971.87,994.72,1031.87,1001.85,1006.18,1015.77,1024.28,1069.68,1097.01
COD,Democratic Republic of the Congo,Climate Watch,Total including LUCF,All GHG,MtCO₂e,687.22,687.81,687.62,682.46,689.24,686.11,686.17,684.82,685.72,682.37,687.19,451.57,447.46,447.66,442.04,450.1,448.33,448.6,444.71,437.07,422.53,425.63,429.39,437.22,435.3,428.66,438.3,438.23,436.88,435.57,435.46,436.84
MEX,Mexico,Climate Watch,Total including LUCF,All GHG,MtCO₂e,638.55,615.58,677.6,666.59,696.73,699.52,691.0,674.88,682.01,695.09,689.57,585.61,568.91,579.79,576.0,564.59,544.9,520.83,513.62,486.49,476.02,568.7,541.69,558.08,524.75,500.56,481.27,501.85,475.02,457.58,454.63,435.34
KOR,South Korea,Climate Watch,Total including LUCF,All GHG,MtCO₂e,632.43,614.66,654.42,669.75,662.97,649.4,634.41,613.45,623.98,623.77,620.42,586.72,535.08,521.33,508.55,498.52,490.22,495.16,469.56,461.57,459.36,466.17,414.56,376.8,442.17,416.56,388.99,357.1,330.09,299.93,277.71,251.21
AUS,Australia,Climate Watch,Total including LUCF,All GHG,MtCO₂e,576.4,580.76,630.85,643.14,646.2,600.4,592.53,595.4,578.38,661.95,659.37,619.31,638.51,620.15,649.65,648.12,601.65,638.42,587.61,663.85,667.46,660.32,641.3,601.19,575.46,563.96,561.09,554.49,547.61,544.9,544.83,543.79
ZAF,South Africa,Climate Watch,Total including LUCF,All GHG,MtCO₂e,517.35,509.29,563.55,556.84,552.19,538.95,538.57,563.22,551.02,540.99,520.9,536.8,513.62,535.26,502.31,480.94,478.23,478.06,449.58,426.27,411.01,378.09,374.35,394.82,386.38,370.66,359.39,346.62,339.88,329.44,332.84,336.73
TUR,Türkiye,Climate Watch,Total including LUCF,All GHG,MtCO₂e,513.66,475.93,462.83,474.88,474.47,432.16,374.19,366.06,340.71,349.85,334.29,328.18,317.97,314.46,317.3,287.68,258.46,246.0,239.99,228.49,218.2,266.14,242.2,242.32,241.1,232.11,214.4,199.9,204.73,198.44,190.96,188.5
PAK,Pakistan,Climate Watch,Total including LUCF,All GHG,MtCO₂e,488.02,466.59,434.26,429.45,433.38,406.9,380.55,366.18,352.91,341.09,336.91,329.42,335.8,323.57,322.16,304.95,285.59,276.63,259.24,249.96,243.6,241.13,238.82,225.82,222.04,215.38,208.26,197.46,190.85,181.31,171.72,168.24
VNM,Vietnam,Climate Watch,Total including LUCF,All GHG,MtCO₂e,457.05,464.89,451.19,394.39,335.32,326.93,295.57,274.67,260.81,245.94,244.74,281.2,262.65,239.58,230.47,216.02,211.98,202.26,181.16,175.64,159.4,64.91,57.19,53.22,41.66,33.94,26.04,18.14,13.28,7.88,5.28,1.28
THA,Thailand,Climate Watch,Total including LUCF,All GHG,MtCO₂e,449.51,451.84,451.55,434.59,433.14,424.58,398.44,395.61,397.96,388.8,364.34,332.07,309.76,313.11,311.96,294.61,291.19,283.62,260.81,250.41,237.01,271.09,270.73,259.4,278.52,268.79,248.12,229.66,214.4,196.51,183.94,172.45
GBR,United Kingdom,Climate Watch,Total including LUCF,All GHG,MtCO₂e,427.9,408.53,450.43,466.79,476.81,490.47,511.46,526.94,567.36,583.9,564.04,606.91,593.78,649.85,670.76,686.12,689.74,695.84,701.12,692.32,710.56,700.4,698.37,722.24,724.53,744.78,723.31,731.06,733.58,751.96,769.76,760.98
ARG,Argentina,Climate Watch,Total including LUCF,All GHG,MtCO₂e,419.55,396.76,408.72,412.21,413.92,409.76,441.93,435.8,438.16,428.31,423.22,442.27,436.8,457.72,453.22,440.74,426.35,422.97,407.12,384.72,387.66,345.65,346.83,339.49,334.16,328.47,316.66,313.6,310.06,309.02,303.99,299.58
NGA,Nigeria,Climate Watch,Total including LUCF,All GHG,MtCO₂e,380.78,375.51,385.56,373.06,364.81,362.6,357.8,364.17,354.79,341.23,337.8,328.62,300.66,313.27,307.76,318.28,330.83,326.6,323.39,301.22,321.88,325.58,311.85,325.29,344.1,352.22,321.92,317.28,322.21,325.13,308.82,291.35
ITA,Italy,Climate Watch,Total including LUCF,All GHG,MtCO₂e,375.05,339.49,377.36,386.44,391.5,396.74,379.41,367.8,387.48,419.46,437.64,448.19,439.59,488.61,503.68,510.49,522.43,521.08,509.36,490.53,481.21,482.82,477.39,469.84,458.41,454.52,457.94,432.52,437.43,443.39,446.4,448.84
MYS,Malaysia,Climate Watch,Total including LUCF,All GHG,MtCO₂e,366.28,364.3,374.08,367.73,344.84,360.82,173.76,189.48,156.98,135.12,134.98,358.59,345.96,350.68,339.66,315.48,319.22,304.18,279.38,270.45,253.99,262.96,251.5,273.85,244.63,233.26,223.29,216.19,208.18,201.49,198.86,187.87
POL,Poland,Climate Watch,Total including LUCF,All GHG,MtCO₂e,347.67,321.99,337.9,355.53,357.3,343.94,338.93,335.77,348.99,354.78,361.76,321.15,302.71,317.52,323.72,323.2,308.84,307.43,303.35,291.92,298.41,358.95,372.62,383.31,412.17,422.63,408.04,408.31,413.45,412.92,423.16,425.04
FRA,France,Climate Watch,Total including LUCF,All GHG,MtCO₂e,343.14,314.54,351.5,360.73,375.22,371.85,372.53,367.18,400.65,399.64,395.99,407.15,403.2,421.07,427.09,433.79,443.63,442.32,444.16,438.98,445.93,482.15,483.75,492.93,476.89,486.24,466.51,457.83,463.57,482.52,497.08,472.05
EGY,Egypt,Climate Watch,Total including LUCF,All GHG,MtCO₂e,319.69,294.97,306.74,330.85,336.7,326.69,316.27,309.81,304.3,307.09,296.09,287.66,285.18,278.0,268.76,253.87,243.06,223.15,210.2,205.14,199.75,186.92,187.58,178.13,172.46,163.8,156.37,146.85,150.53,145.0,142.74,137.19
KAZ,Kazakhstan,Climate Watch,Total including LUCF,All GHG,MtCO₂e,317.74,299.53,293.05,305.76,305.53,281.74,266.29,285.88,335.25,320.19,322.72,315.21,295.33,322.71,274.85,262.49,242.29,227.25,208.25,196.66,166.78,167.35,166.69,180.67,179.76,201.42,225.83,254.22,275.62,311.69,308.34,300.83
COL,Colombia,Climate Watch,Total including LUCF,All GHG,MtCO₂e,282.82,272.97,278.96,276.84,268.51,273.21,242.82,243.58,239.75,230.11,231.33,249.87,245.16,241.19,239.95,233.39,233.41,232.29,229.91,227.01,229.51,239.43,234.76,246.42,244.14,237.56,237.05,232.37,229.67,224.7,221.32,220.09
ESP,Spain,Climate Watch,Total including LUCF,All GHG,MtCO₂e,273.13,256.11,295.49,312.91,319.44,302.82,318.39,307.85,309.13,335.56,341.96,331.01,345.95,382.03,415.36,399.14,405.09,390.43,374.36,365.31,348.61,326.9,309.58,284.99,275.54,254.09,260.72,247.0,234.09,248.9,239.05,232.96
DZA,Algeria,Climate Watch,Total including LUCF,All GHG,MtCO₂e,272.99,264.68,279.46,273.0,264.96,261.74,260.04,250.22,238.1,233.42,214.66,207.34,204.47,202.39,197.34,193.81,186.35,179.09,175.13,161.93,155.56,161.5,151.9,147.77,145.97,146.81,143.38,137.04,134.71,126.26,125.49,121.81
IRQ,Iraq,Climate Watch,Total including LUCF,All GHG,MtCO₂e,252.98,247.94,277.24,257.97,244.86,229.78,207.92,202.47,204.59,192.3,169.44,160.09,144.43,134.86,119.48,124.35,124.97,128.56,113.75,132.95,143.02,132.77,116.29,130.67,148.41,120.6,122.24,124.24,109.45,83.32,58.88,98.89
ARE,United Arab Emirates,Climate Watch,Total including LUCF,All GHG,MtCO₂e,249.48,243.5,246.29,233.06,249.51,258.48,251.04,239.3,236.87,224.83,214.44,206.96,199.38,199.56,173.72,162.95,155.56,146.3,138.28,129.96,128.26,114.46,113.79,112.76,110.76,107.63,103.17,98.38,89.61,85.33,86.89,78.65
BGD,Bangladesh,Climate Watch,Total including LUCF,All GHG,MtCO₂e,241.6,225.27,229.43,226.34,221.79,212.29,204.78,196.77,191.84,187.23,182.57,176.6,169.25,164.77,156.46,153.5,147.58,142.69,141.01,139.02,135.57,129.32,127.97,123.9,123.98,121.7,121.26,116.15,113.59,112.24,110.18,109.97
PHL,Philippines,Climate Watch,Total including LUCF,All GHG,MtCO₂e,237.6,226.56,236.86,229.33,222.82,205.53,194.22,185.21,177.81,166.88,161.86,160.19,154.33,151.5,148.24,142.26,148.84,147.59,144.27,141.31,139.43,140.25,139.09,133.56,139.83,131.75,123.21,111.34,104.33,98.94,96.76,96.87
VEN,Venezuela,Climate Watch,Total including LUCF,All GHG,MtCO₂e,226.05,225.72,301.56,353.89,398.16,433.81,527.97,550.98,556.36,554.16,523.81,506.66,502.68,514.75,498.63,503.09,504.96,484.21,459.66,475.46,493.24,544.79,527.52,551.17,551.13,531.42,502.08,475.06,468.97,461.31,459.15,442.56
UKR,Ukraine,Climate Watch,Total including LUCF,All GHG,MtCO₂e,222.06,223.0,231.48,242.33,230.83,256.93,243.23,292.4,326.34,330.79,337.99,311.65,292.18,346.91,357.94,348.82,341.37,354.48,380.79,356.04,351.49,326.02,336.96,343.79,371.53,395.25,456.11,479.51,569.11,652.4,738.65,783.4
MMR,Myanmar,Climate Watch,Total including LUCF,All GHG,MtCO₂e,211.92,222.17,212.8,212.43,233.05,218.52,225.87,219.69,212.04,209.68,200.61,231.23,225.73,214.82,229.79,218.56,214.67,224.79,210.5,196.51,196.83,217.72,220.83,215.7,209.38,211.71,215.91,212.78,210.14,207.47,204.73,205.32
ETH,Ethiopia,Climate Watch,Total including LUCF,All GHG,MtCO₂e,192.07,197.58,191.35,179.64,176.59,173.97,167.63,164.22,158.13,153.79,148.12,147.88,142.88,138.98,135.29,124.97,120.0,116.43,114.14,115.7,107.54,100.3,104.0,103.17,97.44,93.44,90.64,89.81,88.61,94.23,93.34,93.22
UZB,Uzbekistan,Climate Watch,Total including LUCF,All GHG,MtCO₂e,189.03,177.76,181.04,174.75,168.93,163.64,154.93,159.9,167.43,168.65,183.66,172.11,160.49,173.36,164.15,168.94,158.28,163.63,160.08,168.04,161.69,169.79,162.52,162.44,145.8,141.83,140.59,151.37,154.93,152.39,162.4,161.57
TKM,Turkmenistan,Climate Watch,Total including LUCF,All GHG,MtCO₂e,188.53,184.37,206.71,189.51,186.85,189.05,193.81,187.96,190.95,183.2,174.92,145.52,130.61,170.69,163.6,151.01,150.33,146.08,138.17,122.36,114.77,112.73,89.73,71.39,69.58,83.8,86.79,85.96,104.31,94.69,136.65,145.22
PER,Peru,Climate Watch,Total including LUCF,All GHG,MtCO₂e,185.94,179.63,190.15,186.94,186.6,189.08,185.66,184.05,180.07,178.06,178.18,150.19,145.58,141.49,136.66,132.66,133.36,131.65,127.69,127.73,125.79,122.69,122.1,117.91,117.07,116.13,112.44,107.53,105.17,104.08,103.41,104.55
NLD,Netherlands,Climate Watch,Total including LUCF,All GHG,MtCO₂e,166.28,162.07,178.84,184.49,190.3,194.34,193.61,184.89,192.33,193.54,195.27,208.16,197.53,202.53,205.23,205.84,210.54,216.21,214.53,214.66,215.0,214.23,216.25,228.37,228.18,236.29,225.49,222.65,222.48,218.13,218.74,213.78
TZA,Tanzania,Climate Watch,Total including LUCF,All GHG,MtCO₂e,165.24,160.87,160.65,156.0,156.96,157.01,144.41,136.99,136.48,135.77,131.01,128.96,125.25,123.52,120.48,118.37,124.39,117.39,118.37,109.68,103.29,97.9,100.47,100.35,96.14,96.49,104.11,99.92,99.18,98.57,98.47,98.2
KWT,Kuwait,Climate Watch,Total including LUCF,All GHG,MtCO₂e,148.22,139.73,140.2,137.65,133.24,134.31,128.49,124.12,124.96,120.58,115.92,110.0,105.77,105.9,98.92,100.96,97.21,87.92,82.55,76.95,75.27,72.28,66.31,63.74,59.07,56.38,56.5,56.88,48.98,33.66,10.76,40.47
BOL,Bolivia,Climate Watch,Total including LUCF,All GHG,MtCO₂e,136.84,131.45,139.1,126.33,125.92,127.8,116.92,113.25,113.1,113.54,113.18,128.67,102.12,104.08,110.65,104.45,102.74,108.82,93.39,97.35,90.61,110.37,120.04,114.33,114.4,111.92,112.6,114.15,115.07,116.37,115.56,114.41
SDN,Sudan,Climate Watch,Total including LUCF,All GHG,MtCO₂e,128.82,126.78,127.23,127.25,126.54,126.78,124.02,120.65,119.77,118.97,117.13,114.73,116.73,115.19,114.98,109.4,110.28,105.26,102.11,100.0,94.82,106.28,105.89,101.76,94.98,87.3,81.93,80.79,76.11,74.16,70.5,69.64
CMR,Cameroon,Climate Watch,Total including LUCF,All GHG,MtCO₂e,126.69,127.95,126.58,125.68,124.55,125.17,123.36,121.5,120.61,118.82,118.53,126.76,126.33,126.62,126.31,125.72,128.39,125.87,128.9,125.8,125.96,140.41,138.87,140.03,136.08,135.3,133.78,134.05,81.09,83.75,84.13,75.52
AGO,Angola,Climate Watch,Total including LUCF,All GHG,MtCO₂e,124.91,122.22,135.23,125.92,140.92,140.66,144.38,138.97,138.74,136.76,136.84,136.95,131.31,127.92,123.75,118.39,122.4,121.29,117.58,111.0,108.91,82.21,88.38,90.77,81.34,82.21,80.44,77.19,74.32,71.52,70.65,70.19
QAT,Qatar,Climate Watch,Total including LUCF,All GHG,MtCO₂e,120.31,118.61,122.21,118.31,119.75,118.38,116.05,113.08,108.21,106.1,96.96,86.13,75.74,73.71,68.18,60.27,53.65,51.98,48.11,44.19,40.26,40.59,39.65,36.16,34.66,27.58,24.89,24.05,21.57,18.84,19.45,16.42
TCD,Chad,Climate Watch,Total including LUCF,All GHG,MtCO₂e,118.84,115.6,110.08,107.29,102.76,100.85,98.31,93.69,91.19,89.69,85.42,73.76,69.96,69.86,69.72,67.28,65.7,62.04,58.81,55.2,51.02,46.76,46.67,44.84,40.23,38.56,34.74,33.72,32.71,31.76,30.88,24.46
ZWE,Zimbabwe,Climate Watch,Total including LUCF,All GHG,MtCO₂e,115.04,113.33,116.07,117.17,115.43,115.72,42.19,40.35,42.21,42.68,46.31,39.66,36.74,36.02,37.84,37.28,38.35,37.69,37.49,39.84,43.1,41.46,44.46,42.12,40.83,41.71,39.74,39.92,40.2,43.75,42.92,42.64
MOZ,Mozambique,Climate Watch,Total including LUCF,All GHG,MtCO₂e,109.24,106.13,108.98,114.75,110.91,111.9,101.05,103.19,103.22,101.26,95.47,104.51,94.67,99.75,96.34,95.89,96.9,92.61,92.36,87.07,90.86,68.88,71.07,72.24,69.18,71.45,87.6,87.36,87.09,86.35,85.67,85.38
LBY,Libya,Climate Watch,Total including LUCF,All GHG,MtCO₂e,108.72,71.99,108.04,103.01,95.23,76.72,80.2,89.3,103.32,117.26,66.87,119.6,113.46,115.31,110.9,114.49,112.26,103.72,100.42,92.61,93.03,96.09,92.44,93.99,93.85,99.96,97.4,90.01,77.58,71.44,78.48,74.46
CZE,Czech Republic,Climate Watch,Total including LUCF,All GHG,MtCO₂e,108.16,102.95,112.12,117.42,118.68,118.62,119.05,117.16,119.86,125.1,128.57,127.89,126.62,132.56,138.0,136.19,135.14,136.65,136.37,133.1,138.66,136.38,124.42,132.93,139.9,142.91,138.89,140.11,146.91,153.78,158.27,175.65
BEL,Belgium,Climate Watch,Total including LUCF,All GHG,MtCO₂e,103.62,99.96,108.16,109.05,108.32,110.5,109.15,104.5,110.61,109.76,110.98,122.09,114.6,120.96,118.24,123.03,126.94,129.67,131.79,128.4,135.73,134.3,134.1,137.94,135.19,138.36,133.04,132.87,127.51,129.71,131.67,126.91
OMN,Oman,Climate Watch,Total including LUCF,All GHG,MtCO₂e,102.97,96.63,101.4,100.62,95.71,96.61,93.13,88.74,85.08,80.99,72.69,65.28,60.97,57.98,58.31,55.52,47.42,47.43,48.24,46.37,44.76,41.02,36.69,33.73,34.66,33.27,32.29,28.77,26.7,25.1,25.21,21.04
ECU,Ecuador,Climate Watch,Total including LUCF,All GHG,MtCO₂e,98.39,94.39,100.52,100.35,99.08,100.47,92.39,94.07,92.36,89.26,89.38,100.62,97.04,93.66,91.93,92.38,89.88,88.16,83.74,82.51,82.95,85.76,86.36,89.2,90.91,89.01,84.89,82.43,79.18,77.52,74.98,74.24
PRY,Paraguay,Climate Watch,Total including LUCF,All GHG,MtCO₂e,97.7,97.29,96.85,94.55,96.32,93.55,114.68,114.34,112.6,111.07,109.82,96.69,94.27,92.24,94.77,90.83,90.83,89.37,91.76,90.48,89.74,73.27,77.91,74.8,74.67,73.5,73.75,71.79,71.83,71.64,72.35,75.36
MAR,Morocco,Climate Watch,Total including LUCF,All GHG,MtCO₂e,92.99,86.29,90.48,83.9,82.5,78.24,79.97,77.75,76.56,76.08,74.26,66.22,62.82,63.15,60.02,59.28,57.74,55.51,49.97,49.99,48.47,44.55,43.41,41.24,40.33,38.43,37.76,37.06,33.95,34.26,33.16,31.9
ZMB,Zambia,Climate Watch,Total including LUCF,All GHG,MtCO₂e,88.47,91.29,95.09,95.03,96.13,95.31,96.25,90.55,90.83,90.92,87.65,72.39,63.31,67.08,63.47,61.02,68.36,67.0,65.2,56.54,54.02,45.42,48.87,50.53,49.28,48.79,61.55,61.77,62.49,62.94,62.78,62.41
BLR,Belarus,Climate Watch,Total including LUCF,All GHG,MtCO₂e,86.35,86.26,88.69,90.5,87.61,86.11,92.12,96.59,97.34,96.76,95.15,89.41,84.79,87.73,83.68,84.98,81.8,80.99,77.3,76.36,76.82,70.37,72.92,74.86,76.67,76.15,75.33,83.02,96.14,108.91,122.28,128.91
ISR,Israel,Climate Watch,Total including LUCF,All GHG,MtCO₂e,85.58,84.63,87.63,85.1,88.71,87.16,87.25,85.14,86.99,95.5,88.97,89.22,83.77,84.29,83.61,80.47,76.2,77.55,76.46,75.65,73.68,73.82,68.93,66.72,65.36,62.33,59.21,55.36,52.02,47.95,45.15,44.08
PRK,North Korea,Climate Watch,Total including LUCF,All GHG,MtCO₂e,83.86,95.52,99.85,92.93,99.62,61.09,57.58,66.93,62.77,73.64,74.89,91.34,93.1,94.69,86.53,99.42,97.21,93.91,91.37,89.65,93.31,94.76,91.19,86.87,93.89,97.47,109.42,118.3,129.47,139.1,153.63,161.27
ROU,Romania,Climate Watch,Total including LUCF,All GHG,MtCO₂e,82.15,76.35,82.84,84.58,83.41,80.25,-180.22,-182.41,-181.74,-172.37,-170.0,107.78,110.77,126.85,129.03,131.84,128.38,128.97,131.11,126.16,128.81,127.34,123.41,139.47,155.75,168.04,164.56,158.93,163.68,174.72,195.27,235.07
MNG,Mongolia,Climate Watch,Total including LUCF,All GHG,MtCO₂e,78.87,76.32,79.35,75.86,73.98,71.17,68.96,67.58,65.03,62.51,59.13,56.33,59.12,57.98,57.78,55.0,52.06,49.3,49.46,49.7,51.47,54.77,53.6,53.48,53.83,51.63,52.19,51.26,53.07,54.27,56.5,54.26
KHM,Cambodia,Climate Watch,Total including LUCF,All GHG,MtCO₂e,76.91,76.54,75.15,71.49,70.74,67.96,101.61,99.73,99.41,98.97,101.44,36.42,37.41,36.07,36.32,35.28,31.44,32.98,31.97,29.47,26.34,26.37,28.03,28.44,24.92,23.59,27.71,25.07,26.25,25.43,24.9,25.2
KEN,Kenya,Climate Watch,Total including LUCF,All GHG,MtCO₂e,74.68,78.41,70.37,62.72,61.71,63.95,74.48,72.52,69.46,68.53,69.52,74.41,73.0,72.54,71.46,54.9,54.51,54.1,51.55,50.58,49.71,31.07,32.11,30.13,28.91,29.18,29.82,29.54,29.2,29.45,29.47,30.76
GRC,Greece,Climate Watch,Total including LUCF,All GHG,MtCO₂e,71.84,70.16,79.93,85.41,88.13,88.53,89.81,91.55,94.63,102.3,106.75,107.34,114.21,120.8,125.28,121.3,122.84,120.81,120.75,117.54,117.26,116.89,111.09,110.19,105.99,104.91,103.83,99.4,96.78,96.41,94.34,94.27
NZL,New Zealand,Climate Watch,Total including LUCF,All GHG,MtCO₂e,70.58,70.34,73.39,72.29,73.02,71.39,66.65,67.29,66.66,67.14,64.53,58.93,58.79,61.69,61.67,62.87,62.73,61.33,61.9,59.41,58.21,52.43,52.23,49.94,51.62,49.2,48.79,47.49,45.99,46.8,45.97,46.31
IRL,Ireland,Climate Watch,Total including LUCF,All GHG,MtCO₂e,68.98,66.39,68.56,70.6,72.91,73.76,71.39,69.56,69.25,70.11,68.68,72.75,74.0,79.39,80.49,82.02,81.43,80.17,80.99,80.12,81.54,78.98,75.78,74.1,70.81,69.45,68.12,67.34,65.92,65.27,65.11,64.59
AUT,Austria,Climate Watch,Total including LUCF,All GHG,MtCO₂e,67.34,64.2,69.74,68.66,71.77,69.85,69.55,68.27,72.03,71.42,74.86,77.58,71.79,78.98,79.23,82.18,84.39,84.34,83.45,78.52,77.02,65.4,65.17,66.99,67.02,67.99,64.27,61.79,61.72,61.79,67.61,63.33
SGP,Singapore,Climate Watch,Total including LUCF,All GHG,MtCO₂e,67.34,64.25,64.95,64.23,65.77,62.69,62.33,60.61,59.44,58.54,58.94,55.9,52.14,51.58,51.28,50.0,49.57,52.29,50.83,53.98,54.74,54.82,49.97,48.75,49.41,49.32,47.93,46.62,43.09,36.63,34.0,30.86
SSD,South Sudan,Climate Watch,Total including LUCF,All GHG,MtCO₂e,67.21,71.18,61.67,70.55,63.95,66.34,62.73,62.82,61.06,60.93,76.14,79.7,80.41,78.46,77.47,73.35,74.44,71.02,68.39,65.66,61.68,67.47,65.55,62.06,56.43,51.1,46.26,45.48,43.51,41.62,39.23,38.37
HUN,Hungary,Climate Watch,Total including LUCF,All GHG,MtCO₂e,62.58,61.37,63.15,63.33,63.52,61.49,60.18,57.25,56.96,59.32,63.19,64.87,64.91,70.75,72.13,74.3,75.02,75.71,76.88,74.14,75.78,72.88,75.86,75.07,75.15,76.84,74.62,76.31,76.59,76.12,86.01,91.05
BWA,Botswana,Climate Watch,Total including LUCF,All GHG,MtCO₂e,62.33,53.35,51.78,54.56,56.05,52.1,53.32,53.84,55.16,54.66,69.42,63.53,51.59,61.65,52.27,53.81,51.88,50.32,49.84,57.93,57.56,54.77,55.1,55.13,55.42,55.87,54.77,53.87,53.64,53.98,53.74,54.33
FIN,Finland,Climate Watch,Total including LUCF,All GHG,MtCO₂e,61.93,61.94,66.89,69.8,68.39,70.97,6.93,10.42,14.42,13.68,19.27,66.75,58.58,62.0,70.21,72.18,60.53,72.82,76.59,68.26,65.88,44.69,45.76,46.23,49.79,51.68,45.21,49.17,42.53,41.29,44.39,44.5
SRB,Serbia,Climate Watch,Total including LUCF,All GHG,MtCO₂e,60.79,62.83,61.7,61.57,63.27,62.89,58.68,52.36,60.35,59.64,64.47,27.41,27.87,30.33,32.58,33.63,30.89,38.54,33.44,30.24,26.84,57.36,55.18,72.62,72.8,68.02,60.28,53.76,57.53,63.29,68.26,79.21
BFA,Burkina Faso,Climate Watch,Total including LUCF,All GHG,MtCO₂e,59.28,57.86,57.23,56.29,55.33,54.31,34.43,33.13,32.64,31.84,31.14,41.18,39.53,38.84,37.93,37.24,37.25,36.59,35.92,32.52,31.79,29.92,28.57,28.68,27.83,27.26,26.11,25.73,25.27,25.02,24.73,24.29
CAF,Central African Republic,Climate Watch,Total including LUCF,All GHG,MtCO₂e,56.39,55.58,55.32,57.35,56.49,62.27,52.88,52.07,55.64,57.79,61.72,58.05,48.82,61.36,63.19,59.32,62.11,53.8,64.46,49.07,54.7,44.22,43.0,46.74,41.53,38.24,52.31,52.18,49.68,49.63,49.58,49.27
BHR,Bahrain,Climate Watch,Total including LUCF,All GHG,MtCO₂e,55.39,54.49,54.31,50.87,50.15,49.3,48.71,47.96,45.89,43.05,41.48,40.77,38.82,38.12,35.66,34.48,32.02,28.76,28.61,27.57,26.36,25.55,24.45,23.87,22.14,21.13,19.88,19.14,18.75,17.78,15.59,15.93
UGA,Uganda,Climate Watch,Total including LUCF,All GHG,MtCO₂e,54.88,53.83,52.98,53.41,52.29,52.16,50.77,49.16,48.04,48.03,46.32,46.03,44.5,44.2,37.94,35.2,36.56,34.54,34.53,32.81,32.04,32.53,32.74,32.92,31.49,30.12,29.31,28.63,28.97,28.62,28.36,27.89
AZE,Azerbaijan,Climate Watch,Total including LUCF,All GHG,MtCO₂e,54.61,51.93,53.49,51.13,49.71,50.4,49.01,49.18,48.03,46.82,43.77,42.31,43.46,47.65,43.16,44.07,41.68,38.56,38.5,35.79,35.72,36.58,34.8,34.53,33.97,34.4,39.88,40.77,61.85,84.07,75.32,78.18
PRT,Portugal,Climate Watch,Total including LUCF,All GHG,MtCO₂e,53.68,55.9,61.84,66.88,71.77,66.78,66.69,62.57,63.01,64.68,66.36,68.67,74.04,74.83,77.09,78.5,83.86,80.44,78.95,83.25,78.61,80.2,80.68,73.97,68.78,66.45,68.07,64.3,62.4,63.49,59.45,57.72
CIV,Côte d'Ivoire,Climate Watch,Total including LUCF,All GHG,MtCO₂e,53.67,52.03,51.56,50.38,50.68,50.11,48.66,47.84,47.95,46.58,44.9,45.28,45.59,47.0,47.45,48.01,48.99,47.65,49.26,52.01,51.96,86.36,86.35,84.16,83.4,81.65,80.64,79.74,76.92,74.23,71.59,68.88
PNG,Papua New Guinea,Climate Watch,Total including LUCF,All GHG,MtCO₂e,53.29,53.86,53.02,52.99,51.89,51.82,52.18,49.42,47.8,46.61,45.93,37.87,37.87,37.68,38.12,38.18,38.17,39.64,38.49,38.53,37.79,38.03,37.0,36.17,49.87,35.38,35.86,32.81,31.93,30.86,29.82,28.81
NPL,Nepal,Climate Watch,Total including LUCF,All GHG,MtCO₂e,51.37,49.76,47.7,47.64,45.74,44.88,38.44,39.6,38.13,37.44,36.09,28.13,26.84,24.92,23.51,23.43,23.9,23.23,23.21,21.87,22.74,25.12,24.84,23.51,22.88,22.48,22.47,21.38,20.66,19.85,20.13,19.88
CHL,Chile,Climate Watch,Total including LUCF,All GHG,MtCO₂e,50.66,49.37,56.11,50.13,51.4,49.48,22.08,15.98,23.22,20.15,17.71,56.45,51.31,53.79,49.0,41.19,39.97,39.33,33.96,33.23,32.5,53.43,57.41,54.49,53.45,46.25,39.79,36.08,32.0,29.31,27.71,28.85
MLI,Mali,Climate Watch,Total including LUCF,All GHG,MtCO₂e,48.49,47.23,44.74,42.46,41.01,39.95,35.57,34.15,33.21,32.11,31.26,30.35,28.52,28.18,26.8,25.78,25.46,24.61,22.3,21.69,21.34,24.16,24.86,23.8,19.59,18.76,18.36,17.98,17.7,17.45,17.38,17.44
NER,Niger,Climate Watch,Total including LUCF,All GHG,MtCO₂e,48.42,46.11,44.06,42.12,40.23,38.8,37.1,35.91,34.21,32.41,30.36,29.33,29.22,27.88,26.67,25.46,24.53,23.63,22.77,21.87,21.1,24.82,24.3,23.71,22.78,22.11,21.34,20.75,20.25,19.6,19.11,18.64
SYR,Syria,Climate Watch,Total including LUCF,All GHG,MtCO₂e,46.64,46.4,46.78,46.64,45.36,43.44,43.8,45.77,51.9,75.09,100.79,106.09,106.54,111.18,110.48,107.79,105.8,96.07,104.32,105.0,102.07,101.12,101.74,102.31,98.93,99.06,97.33,93.27,90.16,86.42,81.23,71.45
SLB,Solomon Islands,Climate Watch,Total including LUCF,All GHG,MtCO₂e,46.36,46.32,46.3,46.28,46.24,46.21,-17.04,-17.02,-16.99,-17.04,-17.06,2.43,2.41,2.39,2.37,2.35,2.33,2.31,2.28,2.27,2.25,4.45,4.43,4.42,4.4,4.39,4.37,4.36,4.34,4.32,4.31,4.29
LAO,Laos,Climate Watch,Total including LUCF,All GHG,MtCO₂e,44.86,43.91,40.88,39.97,39.66,38.49,29.99,25.29,25.04,23.93,21.79,29.47,25.29,23.89,29.09,23.34,24.57,27.53,22.69,22.11,20.85,20.33,20.46,21.78,20.06,20.39,20.29,20.24,19.88,19.87,19.55,19.63
DNK,Denmark,Climate Watch,Total including LUCF,All GHG,MtCO₂e,44.36,43.1,45.52,49.16,49.71,51.99,47.53,49.57,53.76,52.35,57.46,64.87,64.61,67.54,71.11,75.99,68.34,72.04,78.23,72.7,73.37,72.02,75.74,78.5,82.5,92.18,78.66,81.76,78.06,75.43,81.57,70.68
CHE,Switzerland,Climate Watch,Total including LUCF,All GHG,MtCO₂e,44.0,42.28,44.74,44.96,46.2,47.18,46.7,47.48,51.29,50.26,48.96,52.92,51.35,52.79,51.17,53.09,53.38,52.66,52.17,50.95,52.62,51.86,52.61,52.48,50.92,52.38,51.76,50.84,51.73,54.1,54.17,51.95
SOM,Somalia,Climate Watch,Total including LUCF,All GHG,MtCO₂e,43.16,43.52,43.35,43.09,43.08,43.14,43.11,43.05,42.91,42.8,42.5,42.35,42.14,42.11,42.09,43.19,44.46,44.02,43.72,43.49,43.1,42.56,42.38,42.31,42.47,42.08,41.63,40.97,39.03,37.05,39.01,41.94
DOM,Dominican Republic,Climate Watch,Total including LUCF,All GHG,MtCO₂e,42.28,39.35,40.84,37.94,35.47,36.2,35.36,32.93,32.57,32.8,31.99,30.85,29.49,30.0,29.85,28.65,26.73,25.41,26.12,28.45,26.02,19.91,19.21,18.61,16.67,14.99,14.07,13.57,11.59,11.09,9.62,8.5
GIN,Guinea,Climate Watch,Total including LUCF,All GHG,MtCO₂e,41.04,41.09,39.72,37.88,38.08,37.64,33.97,33.3,32.89,32.75,31.43,30.1,27.82,27.4,26.7,26.37,25.99,24.54,24.58,24.24,23.13,22.21,21.77,22.2,20.74,20.3,20.81,20.4,19.99,19.63,19.3,18.98
MDG,Madagascar,Climate Watch,Total including LUCF,All GHG,MtCO₂e,40.43,40.06,40.43,38.9,40.39,40.9,39.28,38.39,37.87,38.54,37.98,49.89,49.2,48.02,49.39,47.98,49.52,45.17,46.36,43.75,46.31,53.96,55.26,55.6,54.41,55.02,54.47,53.97,54.21,53.83,53.57,53.54
TUN,Tunisia,Climate Watch,Total including LUCF,All GHG,MtCO₂e,39.98,36.96,38.82,38.85,38.27,37.94,46.87,46.48,43.99,44.74,42.1,38.41,35.96,35.65,35.16,33.53,32.39,31.67,30.31,30.53,30.33,29.84,28.49,26.98,25.54,25.04,23.68,23.19,23.52,23.34,21.98,20.98
GTM,Guatemala,Climate Watch,Total including LUCF,All GHG,MtCO₂e,39.32,36.71,38.12,36.86,35.2,35.81,38.78,35.72,34.76,33.45,32.79,38.24,38.56,36.79,38.29,36.48,37.59,34.99,36.63,34.42,33.1,36.47,34.19,35.54,31.87,31.61,31.36,30.33,30.13,29.48,28.28,27.91
NIC,Nicaragua,Climate Watch,Total including LUCF,All GHG,MtCO₂e,38.94,38.58,38.65,38.06,38.05,38.17,29.27,28.35,27.41,27.13,26.77,38.3,37.89,37.84,37.95,37.79,37.69,37.13,37.71,36.49,36.06,31.95,31.38,30.82,29.87,29.03,29.02,29.64,29.33,28.66,27.76,29.12
SVK,Slovakia,Climate Watch,Total including LUCF,All GHG,MtCO₂e,37.98,34.95,37.01,38.85,39.4,37.47,30.08,29.64,32.29,31.63,33.99,34.7,33.17,36.81,36.78,37.74,38.17,37.35,38.04,37.78,38.23,36.59,39.21,40.66,41.81,41.95,41.94,41.36,44.04,46.46,48.95,57.28
LKA,Sri Lanka,Climate Watch,Total including LUCF,All GHG,MtCO₂e,37.35,36.91,37.63,35.09,35.65,36.55,31.8,29.33,26.68,29.57,27.69,26.93,25.65,26.5,26.24,25.31,26.86,24.92,24.8,23.61,22.76,25.14,25.9,26.48,28.97,30.95,31.02,30.9,30.12,29.81,28.04,28.2
URY,Uruguay,Climate Watch,Total including LUCF,All GHG,MtCO₂e,37.26,34.25,34.85,34.44,34.61,35.37,29.96,30.07,30.57,31.57,30.71,26.07,28.47,28.92,26.34,27.38,25.25,25.08,23.17,22.28,21.97,19.11,20.98,19.92,20.33,20.62,19.29,19.09,19.2,18.67,17.06,15.45
SEN,Senegal,Climate Watch,Total including LUCF,All GHG,MtCO₂e,36.25,34.92,33.94,32.87,32.36,32.01,29.78,29.09,28.48,27.2,27.63,28.53,27.5,27.01,26.05,25.91,25.36,24.65,22.6,23.31,23.63,24.78,24.81,22.62,21.41,20.93,19.38,19.1,18.78,18.53,18.09,17.8
SWE,Sweden,Climate Watch,Total including LUCF,All GHG,MtCO₂e,36.08,34.05,35.38,36.09,38.23,38.52,33.41,33.46,34.63,36.41,39.18,54.18,48.4,52.18,53.32,55.26,56.74,60.37,61.69,60.62,59.23,73.94,77.84,79.08,78.24,84.43,78.83,79.22,77.39,77.43,74.85,74.25
JOR,Jordan,Climate Watch,Total including LUCF,All GHG,MtCO₂e,35.27,33.96,35.62,36.57,37.36,35.59,35.2,34.53,32.46,32.18,28.44,27.77,28.19,27.3,27.89,26.5,25.6,24.01,22.39,21.8,21.02,20.92,20.35,21.29,22.08,22.56,23.33,23.69,22.58,21.85,19.1,18.65
AFG,Afghanistan,Climate Watch,Total including LUCF,All GHG,MtCO₂e,35.18,34.5,33.54,33.25,31.9,31.02,31.37,30.92,30.18,30.68,32.2,28.71,24.44,21.47,18.34,17.39,16.76,15.69,16.07,15.38,12.73,11.82,13.59,12.67,11.83,10.84,9.79,9.34,9.29,9.16,9.51,9.24
NOR,Norway,Climate Watch,Total including LUCF,All GHG,MtCO₂e,32.48,32.19,33.58,34.81,35.36,35.65,36.17,35.35,35.34,34.67,35.01,32.24,30.05,30.98,30.48,30.15,29.82,30.83,30.51,28.46,28.93,36.46,42.02,40.0,38.73,37.0,36.87,36.96,35.04,32.61,32.41,35.03
CUB,Cuba,Climate Watch,Total including LUCF,All GHG,MtCO₂e,32.12,32.78,36.41,38.79,38.35,39.64,31.98,29.98,32.11,31.75,30.7,33.2,32.03,31.17,31.86,30.92,29.97,29.86,30.48,31.37,32.54,32.97,32.61,32.18,32.64,30.41,27.73,26.59,25.15,28.6,34.78,43.96
HND,Honduras,Climate Watch,Total including LUCF,All GHG,MtCO₂e,27.84,28.11,27.99,26.92,26.63,27.98,28.03,27.46,26.91,26.57,26.65,23.69,23.76,23.78,23.54,22.8,22.54,21.56,22.3,19.27,18.82,18.78,18.28,19.43,18.88,18.47,18.97,18.2,17.51,17.71,17.4,17.29
COG,Republic of Congo,Climate Watch,Total including LUCF,All GHG,MtCO₂e,27.72,28.9,29.51,28.35,25.67,25.36,24.57,23.74,24.3,23.37,25.44,25.38,23.38,22.21,21.68,24.0,22.47,20.55,19.91,18.38,20.52,21.14,20.96,20.38,19.04,18.33,18.21,17.43,18.41,18.85,18.55,18.55
YEM,Yemen,Climate Watch,Total including LUCF,All GHG,MtCO₂e,26.61,26.64,27.76,26.07,23.59,22.56,27.5,48.37,50.73,42.33,46.57,52.78,52.96,50.51,51.0,51.14,50.89,48.82,48.73,45.49,45.41,43.96,40.3,37.26,35.83,33.83,33.18,31.82,25.12,23.3,22.89,21.08
NAM,Namibia,Climate Watch,Total including LUCF,All GHG,MtCO₂e,24.85,24.4,21.4,22.3,23.01,22.87,22.27,22.17,22.94,30.19,28.6,23.34,24.0,20.93,22.44,23.19,21.84,21.04,20.52,19.92,21.08,21.32,20.51,20.47,19.76,19.92,20.05,19.94,19.74,19.77,19.82,N/A
BEN,Benin,Climate Watch,Total including LUCF,All GHG,MtCO₂e,24.79,26.94,26.35,25.97,24.7,24.53,22.84,22.41,21.89,21.24,21.29,21.16,20.77,20.12,20.44,19.72,19.48,18.33,18.22,18.22,17.19,22.8,22.66,22.86,21.83,21.47,19.84,20.05,19.79,19.74,19.66,19.55
LTU,Lithuania,Climate Watch,Total including LUCF,All GHG,MtCO₂e,24.46,24.11,24.12,24.0,23.92,24.01,18.55,18.29,18.79,19.69,19.76,26.39,25.59,29.18,29.75,28.73,28.6,27.47,26.54,26.37,26.02,26.09,27.79,30.55,29.66,29.89,29.11,30.68,32.72,38.62,53.19,51.81
LBN,Lebanon,Climate Watch,Total including LUCF,All GHG,MtCO₂e,24.37,29.15,34.05,34.21,35.7,33.91,32.81,30.66,28.47,28.49,25.85,25.25,26.15,22.72,18.91,19.95,20.89,21.47,20.91,20.22,20.25,18.93,20.1,19.12,18.76,16.54,15.5,13.2,12.26,8.85,8.79,7.29
TTO,Trinidad and Tobago,Climate Watch,Total including LUCF,All GHG,MtCO₂e,24.33,26.54,29.63,29.09,29.25,29.04,32.67,33.61,33.65,32.7,33.18,32.21,29.54,30.41,30.77,30.13,26.53,24.32,23.3,19.39,17.63,15.88,15.0,14.53,14.16,13.76,12.65,13.1,16.87,21.52,21.66,21.78
BIH,Bosnia and Herzegovina,Climate Watch,Total including LUCF,All GHG,MtCO₂e,24.01,24.34,24.37,26.1,26.1,25.82,21.26,21.04,23.54,23.77,25.56,26.49,26.46,26.4,24.28,23.17,21.29,20.53,19.47,18.94,18.78,22.12,18.34,18.38,15.56,10.66,9.62,9.71,20.1,23.56,30.82,33.66
PAN,Panama,Climate Watch,Total including LUCF,All GHG,MtCO₂e,23.04,21.53,24.87,21.56,21.51,21.94,21.73,21.83,21.39,21.42,20.72,19.62,19.0,17.41,17.29,17.29,16.76,15.11,15.13,14.82,15.55,15.77,15.67,16.53,15.45,15.51,15.52,15.32,15.03,14.77,14.1,13.61
MWI,Malawi,Climate Watch,Total including LUCF,All GHG,MtCO₂e,21.99,21.79,20.05,19.12,17.27,17.17,16.72,16.33,15.75,15.65,15.12,15.16,13.96,14.14,13.56,13.0,13.06,12.74,12.89,12.39,12.05,11.95,11.96,11.94,11.69,11.77,11.75,11.55,11.94,11.79,11.79,11.61
GAB,Gabon,Climate Watch,Total including LUCF,All GHG,MtCO₂e,20.25,20.84,21.13,20.19,20.9,22.54,22.2,21.78,21.47,21.37,21.78,18.53,17.7,17.9,17.24,17.96,19.39,19.83,20.14,18.74,19.45,20.01,20.72,21.84,20.82,20.91,19.93,18.68,17.49,17.31,17.28,16.13
GUY,Guyana,Climate Watch,Total including LUCF,All GHG,MtCO₂e,18.61,18.81,17.95,17.62,17.48,17.38,19.96,19.81,19.6,19.44,19.2,11.49,11.23,11.2,11.05,10.74,10.93,11.29,11.01,10.72,10.82,10.07,10.4,10.41,10.27,9.98,9.72,9.02,8.72,7.92,7.93,7.76
GEO,Georgia,Climate Watch,Total including LUCF,All GHG,MtCO₂e,18.16,17.68,17.89,17.14,17.49,17.54,17.16,16.81,16.16,15.14,14.28,9.59,9.86,9.1,10.0,9.23,8.87,8.32,8.25,7.72,8.27,-4.02,-4.43,-4.18,-3.7,-2.88,-1.36,1.7,8.86,14.39,21.78,31.33
BGR,Bulgaria,Climate Watch,Total including LUCF,All GHG,MtCO₂e,18.15,12.57,17.66,19.49,22.72,20.58,45.13,42.43,39.85,45.0,50.75,33.42,31.77,39.26,41.67,37.47,37.52,37.53,38.77,33.91,36.59,36.03,36.58,43.39,46.98,50.06,49.49,48.27,52.22,53.66,59.48,76.47
TJK,Tajikistan,Climate Watch,Total including LUCF,All GHG,MtCO₂e,17.82,17.83,17.29,15.89,14.49,13.1,12.02,11.42,9.88,9.46,8.66,8.44,8.35,8.67,8.29,7.58,7.09,7.02,6.47,6.32,6.29,6.65,7.02,7.51,7.59,7.35,8.0,8.61,11.12,13.98,16.85,17.85
HRV,Croatia,Climate Watch,Total including LUCF,All GHG,MtCO₂e,17.74,17.07,17.98,17.89,18.98,18.33,21.11,20.5,21.3,22.39,24.39,25.32,25.88,28.44,29.25,27.73,27.02,27.06,27.34,26.22,25.19,24.31,25.32,24.95,25.06,24.23,24.28,22.99,22.98,22.28,21.33,27.9
GHA,Ghana,Climate Watch,Total including LUCF,All GHG,MtCO₂e,17.2,15.38,11.63,9.68,7.99,5.99,59.96,58.28,58.72,56.45,54.62,68.89,67.24,66.0,66.26,66.01,64.73,62.49,63.37,62.79,61.61,27.59,27.27,28.6,24.98,23.75,22.67,22.3,22.0,21.86,21.44,21.39
EST,Estonia,Climate Watch,Total including LUCF,All GHG,MtCO₂e,16.02,14.79,17.81,23.48,24.5,23.59,14.13,17.26,18.56,16.63,18.11,22.97,18.42,21.86,24.13,20.42,21.07,21.2,20.97,19.08,19.49,19.21,19.64,20.23,21.53,21.94,21.13,23.19,23.21,28.53,37.83,40.93
SVN,Slovenia,Climate Watch,Total including LUCF,All GHG,MtCO₂e,15.92,15.65,16.88,17.33,17.46,17.28,13.49,13.39,14.89,15.52,16.14,7.3,7.0,8.98,8.0,8.03,7.7,7.45,7.25,7.28,7.2,8.4,8.6,9.25,9.51,9.04,8.24,7.42,7.36,6.62,6.84,7.99
LBR,Liberia,Climate Watch,Total including LUCF,All GHG,MtCO₂e,15.26,15.25,15.66,14.97,15.06,15.04,16.22,15.43,15.16,15.16,15.05,14.87,15.6,14.6,14.6,14.83,14.5,14.44,14.41,14.26,14.23,14.24,14.2,14.3,14.22,14.17,14.27,14.26,14.27,14.28,14.25,14.36
KGZ,Kyrgyzstan,Climate Watch,Total including LUCF,All GHG,MtCO₂e,14.15,12.88,13.66,14.85,12.72,12.9,15.87,15.53,14.9,15.41,12.79,12.09,12.38,12.73,11.64,10.43,10.31,10.62,10.47,9.84,8.87,8.44,8.52,9.9,9.67,9.79,8.89,11.58,16.72,21.52,28.97,31.4
MDA,Moldova,Climate Watch,Total including LUCF,All GHG,MtCO₂e,14.1,13.19,13.63,13.47,12.93,12.94,12.18,11.95,11.32,12.19,12.45,11.73,10.82,11.5,11.63,11.41,11.75,11.44,11.46,10.86,10.72,11.19,12.04,13.4,14.87,16.54,18.33,20.37,23.46,26.89,31.74,37.91
SUR,Suriname,Climate Watch,Total including LUCF,All GHG,MtCO₂e,13.52,13.55,13.58,12.99,13.35,13.86,12.46,12.37,11.97,12.11,11.64,7.1,6.75,6.63,6.45,6.54,6.61,6.39,6.06,5.84,6.4,6.0,6.69,6.66,6.6,6.62,6.51,6.42,6.38,6.36,6.26,5.9
SLV,El Salvador,Climate Watch,Total including LUCF,All GHG,MtCO₂e,13.39,12.35,13.66,12.8,12.39,13.26,13.33,12.86,12.6,13.34,13.18,13.27,13.52,13.89,14.45,13.88,13.4,13.01,12.65,12.08,11.84,11.2,11.6,11.39,11.27,10.41,10.46,10.2,9.58,9.11,8.73,7.94
GNQ,Equatorial Guinea,Climate Watch,Total including LUCF,All GHG,MtCO₂e,12.26,12.5,12.66,12.87,13.22,14.11,14.67,15.5,13.74,13.91,13.88,14.62,14.27,16.1,16.88,16.26,16.34,15.89,12.19,11.15,11.54,9.36,10.24,8.58,7.52,6.16,5.85,5.7,5.57,5.43,4.2,4.04
BRN,Brunei,Climate Watch,Total including LUCF,All GHG,MtCO₂e,12.04,12.06,9.87,10.05,9.76,9.37,8.64,9.45,9.49,9.7,9.75,10.41,11.12,11.35,10.46,10.96,8.24,8.38,8.93,7.78,7.81,7.86,7.44,11.73,8.36,7.75,7.61,7.23,6.92,6.49,6.19,5.98
LVA,Latvia,Climate Watch,Total including LUCF,All GHG,MtCO₂e,11.68,11.53,12.17,12.33,11.78,11.85,12.15,12.1,12.2,12.28,12.46,1.94,0.75,1.52,1.81,1.35,0.78,0.58,0.55,0.25,0.2,0.88,1.41,1.95,2.34,2.89,2.89,4.46,7.43,10.6,13.17,15.09
ARM,Armenia,Climate Watch,Total including LUCF,All GHG,MtCO₂e,11.08,10.46,9.91,9.48,9.29,9.45,9.08,9.05,9.06,9.12,8.12,7.69,7.87,9.01,8.49,7.84,7.44,6.71,6.32,5.9,6.22,6.12,5.74,6.27,6.31,5.61,6.7,6.13,8.65,14.81,25.07,24.52
HTI,Haiti,Climate Watch,Total including LUCF,All GHG,MtCO₂e,10.99,10.95,11.09,10.91,11.02,10.99,10.75,10.43,9.99,9.7,9.91,9.01,8.46,8.43,8.37,7.97,7.89,7.79,7.93,7.89,7.62,7.45,6.94,6.81,6.67,6.24,5.96,5.17,5.68,6.04,5.63,5.41
SLE,Sierra Leone,Climate Watch,Total including LUCF,All GHG,MtCO₂e,10.23,9.47,9.33,10.27,9.78,9.83,9.91,9.82,9.44,9.28,8.42,7.95,7.9,7.62,7.82,8.6,7.48,7.36,7.09,6.5,6.08,5.89,5.9,6.16,6.07,6.06,6.37,6.51,6.54,6.47,6.48,6.5
MKD,Macedonia,Climate Watch,Total including LUCF,All GHG,MtCO₂e,9.72,9.75,10.9,10.01,10.53,10.03,10.15,10.42,10.79,11.71,12.14,11.25,11.37,12.06,12.27,11.77,11.77,11.48,11.68,10.91,11.51,11.5,11.83,12.76,12.01,13.17,11.6,11.99,12.45,12.44,13.17,13.97
TGO,Togo,Climate Watch,Total including LUCF,All GHG,MtCO₂e,9.33,9.24,8.54,8.38,7.99,8.18,7.76,6.99,7.45,7.52,7.96,7.46,7.66,6.16,5.84,6.15,6.68,5.81,6.04,5.39,4.97,7.12,7.62,7.21,6.25,6.49,5.87,5.9,5.63,5.76,6.06,6.23
MRT,Mauritania,Climate Watch,Total including LUCF,All GHG,MtCO₂e,9.22,8.98,8.98,8.71,8.62,8.61,10.06,9.82,9.66,9.47,9.23,9.24,8.73,8.15,8.81,8.82,8.45,8.34,8.42,8.29,8.31,8.23,7.83,7.37,7.01,6.72,6.23,6.21,6.34,6.17,6.36,6.16
LUX,Luxembourg,Climate Watch,Total including LUCF,All GHG,MtCO₂e,8.9,8.54,10.21,10.03,9.74,9.56,9.89,10.4,10.92,11.43,11.66,11.52,10.93,11.52,11.6,12.18,12.39,12.15,10.7,10.28,9.49,8.89,8.25,7.86,8.53,9.03,8.95,11.09,11.94,11.73,12.04,11.55
ALB,Albania,Climate Watch,Total including LUCF,All GHG,MtCO₂e,8.59,8.39,8.95,9.43,9.68,8.95,8.56,8.89,8.45,8.22,8.78,8.12,7.68,7.61,7.88,7.8,7.89,8.12,8.05,7.64,7.0,8.42,8.03,6.82,6.59,7.32,7.59,7.75,6.94,6.97,9.02,11.37
JAM,Jamaica,Climate Watch,Total including LUCF,All GHG,MtCO₂e,8.16,7.55,10.15,10.35,8.93,9.23,8.79,8.89,9.08,8.62,9.14,6.4,6.8,8.54,10.95,11.02,9.81,9.85,9.94,9.52,9.34,12.2,12.09,11.77,11.22,11.07,10.73,10.39,10.35,10.15,9.34,9.35
RWA,Rwanda,Climate Watch,Total including LUCF,All GHG,MtCO₂e,8.04,7.64,7.67,7.37,7.18,6.99,7.17,6.49,6.5,6.31,6.15,7.16,6.88,6.75,6.54,6.4,6.12,6.06,5.95,5.85,5.63,5.7,5.86,5.64,5.64,5.27,5.07,4.88,5.05,5.13,5.2,5.22
CYP,Cyprus,Climate Watch,Total including LUCF,All GHG,MtCO₂e,7.99,7.88,8.29,8.31,8.49,8.35,7.9,7.82,7.42,8.13,8.64,8.94,9.27,9.45,9.23,8.9,8.76,8.65,8.71,8.04,7.81,8.08,7.82,7.54,7.21,7.13,6.74,6.85,6.6,6.32,5.9,5.37
CRI,Costa Rica,Climate Watch,Total including LUCF,All GHG,MtCO₂e,7.69,7.09,8.43,8.45,8.15,7.85,7.04,7.09,7.14,6.63,6.63,12.76,12.63,13.06,12.93,11.51,11.18,10.64,10.63,10.26,10.26,12.85,13.0,13.21,12.48,12.43,12.46,12.87,12.46,12.37,11.23,10.93
BDI,Burundi,Climate Watch,Total including LUCF,All GHG,MtCO₂e,7.61,7.35,7.25,7.59,7.38,6.76,1.43,1.42,1.43,1.04,0.97,5.7,5.36,5.21,5.08,5.01,4.85,4.78,4.73,4.75,4.75,6.88,6.83,6.73,6.69,6.62,6.58,6.42,6.52,6.54,6.55,6.49
BLZ,Belize,Climate Watch,Total including LUCF,All GHG,MtCO₂e,6.8,6.9,6.89,6.68,6.74,6.69,6.95,6.71,6.85,6.62,7.18,4.5,4.42,4.29,4.36,4.13,4.13,3.96,4.42,4.12,4.03,7.3,8.28,9.42,10.41,11.41,12.56,13.66,13.54,13.42,13.33,13.11
ERI,Eritrea,Climate Watch,Total including LUCF,All GHG,MtCO₂e,6.71,6.65,6.59,6.55,6.43,6.39,6.25,6.23,6.19,6.17,6.1,5.87,5.94,5.89,5.95,5.65,5.85,5.86,5.82,5.68,5.73,6.01,5.9,5.72,5.77,5.28,4.72,4.6,4.42,4.82,4.11,4.11
MUS,Mauritius,Climate Watch,Total including LUCF,All GHG,MtCO₂e,6.71,6.41,6.82,6.72,6.7,6.5,6.38,6.33,6.13,6.0,5.84,5.87,5.6,5.6,5.49,5.35,4.92,4.74,4.71,4.52,4.5,4.29,3.84,3.32,3.04,2.93,2.76,2.7,2.63,2.47,2.38,2.28
TLS,Timor-Leste,Climate Watch,Total including LUCF,All GHG,MtCO₂e,6.21,6.18,6.54,6.56,6.82,7.0,7.18,7.25,7.26,7.38,7.39,7.5,7.2,6.88,6.5,6.21,5.85,4.87,4.09,3.25,2.18,1.12,1.05,1.16,1.15,1.14,1.12,1.1,1.02,0.99,0.99,0.92
LSO,Lesotho,Climate Watch,Total including LUCF,All GHG,MtCO₂e,4.63,3.38,3.86,3.97,4.24,3.8,3.84,4.05,3.92,4.74,4.69,3.92,3.88,3.76,3.79,3.7,3.73,3.54,3.57,3.49,3.67,3.66,3.72,3.24,3.35,3.23,3.22,3.25,3.25,3.24,3.03,2.98
GNB,Guinea-Bissau,Climate Watch,Total including LUCF,All GHG,MtCO₂e,4.08,4.24,4.18,4.1,4.01,4.09,4.44,4.22,4.13,4.43,3.86,3.95,3.78,3.77,3.94,3.92,3.54,3.65,3.76,3.75,3.59,3.28,3.58,3.23,3.01,2.97,3.32,3.29,3.27,3.24,3.2,3.19
BRB,Barbados,Climate Watch,Total including LUCF,All GHG,MtCO₂e,3.93,3.81,4.22,4.18,4.15,4.16,4.14,4.15,4.29,4.26,4.37,4.27,4.41,4.5,4.19,4.16,4.14,4.11,4.07,4.03,4.07,4.19,4.07,3.97,3.94,3.71,3.62,3.56,3.37,3.41,3.51,3.47
MNE,Montenegro,Climate Watch,Total including LUCF,All GHG,MtCO₂e,3.82,3.78,3.85,3.78,3.58,3.44,3.66,3.55,3.65,3.8,4.03,0.01,-0.71,0.37,-0.07,0.15,0.07,0.27,0.27,0.14,0.03,3.67,3.41,3.98,3.89,3.75,3.49,3.35,3.39,3.56,3.57,4.18
ISL,Iceland,Climate Watch,Total including LUCF,All GHG,MtCO₂e,3.38,3.27,3.47,3.53,3.51,3.45,3.9,3.78,3.79,3.64,3.66,3.9,4.03,4.35,4.45,4.44,3.96,4.02,3.96,3.99,3.93,4.09,4.05,4.08,3.94,3.97,3.71,3.78,3.7,3.74,3.94,4.06
GMB,Gambia,Climate Watch,Total including LUCF,All GHG,MtCO₂e,3.05,3.03,3.0,2.83,2.81,2.82,2.93,2.71,2.57,2.5,2.42,2.72,2.68,2.32,2.17,2.12,2.03,2.18,2.27,2.38,2.59,3.13,3.49,3.56,3.83,4.15,4.44,4.92,5.38,5.26,5.15,5.0
SWZ,Eswatini,Climate Watch,Total including LUCF,All GHG,MtCO₂e,3.04,2.91,2.99,2.82,2.81,2.81,2.72,2.71,2.69,2.51,2.51,2.54,2.64,2.7,2.78,2.52,2.58,2.57,2.58,2.58,2.55,2.67,2.88,2.87,2.79,2.81,3.02,3.03,2.38,2.67,2.8,2.79
BHS,Bahamas,Climate Watch,Total including LUCF,All GHG,MtCO₂e,2.73,2.62,2.88,2.84,3.01,2.65,2.65,2.53,2.49,2.43,2.55,2.61,2.55,2.32,2.2,2.18,2.24,2.41,2.35,2.32,2.27,2.46,2.44,2.4,1.99,2.19,2.16,2.08,2.05,2.18,2.31,2.23
GRD,Grenada,Climate Watch,Total including LUCF,All GHG,MtCO₂e,2.39,2.37,2.41,2.37,2.33,2.31,2.29,2.26,2.32,2.27,2.24,2.24,2.22,2.21,2.19,2.16,2.15,2.12,2.12,2.1,2.08,2.06,2.05,2.03,2.0,1.98,1.94,1.92,1.89,1.88,1.86,1.84
MDV,Maldives,Climate Watch,Total including LUCF,All GHG,MtCO₂e,2.34,2.23,2.5,2.22,1.94,1.81,1.6,1.62,1.37,1.36,1.2,1.13,1.07,1.01,0.94,0.9,0.74,0.8,0.63,0.71,0.58,0.55,0.51,0.39,0.41,0.35,0.32,0.26,0.26,0.28,0.21,0.2
MLT,Malta,Climate Watch,Total including LUCF,All GHG,MtCO₂e,2.07,2.08,2.14,2.04,2.02,1.87,2.16,2.84,2.83,3.16,2.99,3.01,2.9,3.09,3.15,3.06,2.98,2.93,2.92,2.62,2.79,2.41,2.68,2.64,2.73,2.57,2.63,2.76,3.05,2.41,2.43,2.53
ATG,Antigua and Barbuda,Climate Watch,Total including LUCF,All GHG,MtCO₂e,1.42,1.35,1.34,1.29,1.25,1.22,1.18,1.15,1.13,1.12,1.1,1.09,1.08,1.03,0.99,0.93,0.86,0.81,0.77,0.72,0.68,0.64,0.61,0.57,0.54,0.5,0.47,0.46,0.44,0.42,0.41,0.39
DJI,Djibouti,Climate Watch,Total including LUCF,All GHG,MtCO₂e,1.42,1.36,1.43,1.4,1.36,1.34,1.38,1.33,1.48,1.4,1.38,1.42,1.34,1.36,1.35,1.31,1.31,1.27,1.28,1.26,1.23,1.22,1.23,1.2,1.13,1.08,1.05,0.99,0.98,0.96,0.95,0.94
SYC,Seychelles,Climate Watch,Total including LUCF,All GHG,MtCO₂e,0.78,0.77,0.76,0.76,0.72,0.71,0.64,0.59,0.54,0.55,0.53,0.56,0.56,0.52,0.51,0.49,0.48,0.48,0.44,0.44,0.41,0.38,0.4,0.38,0.36,0.32,0.28,0.28,0.26,0.24,0.24,0.22
COM,Comoros,Climate Watch,Total including LUCF,All GHG,MtCO₂e,0.76,0.75,0.68,0.65,0.63,0.56,0.54,0.52,0.53,0.49,0.48,0.48,0.44,0.41,0.38,0.46,0.46,0.42,0.41,0.39,0.38,0.37,0.38,0.37,0.36,0.35,0.35,0.34,0.34,0.33,0.32,0.32
LCA,Saint Lucia,Climate Watch,Total including LUCF,All GHG,MtCO₂e,0.72,0.7,0.72,0.72,0.72,0.69,0.68,0.68,0.67,0.67,0.65,0.68,0.61,0.61,0.6,0.58,0.56,0.56,0.54,0.51,0.52,0.48,0.57,0.64,0.68,0.77,0.83,0.9,0.87,0.83,0.79,0.77
WSM,Samoa,Climate Watch,Total including LUCF,All GHG,MtCO₂e,0.7,0.68,0.69,0.68,0.7,0.7,0.71,0.67,0.65,0.65,0.65,0.63,0.59,0.58,0.6,0.59,0.6,0.59,0.58,0.58,0.57,0.54,0.54,0.54,0.52,0.52,0.5,0.49,0.47,0.45,0.45,0.44
VUT,Vanuatu,Climate Watch,Total including LUCF,All GHG,MtCO₂e,0.69,0.68,0.65,0.69,0.61,0.64,0.71,0.78,0.73,0.73,0.73,0.71,0.69,0.7,0.69,0.57,0.56,0.55,0.57,0.55,0.55,0.57,0.59,0.58,0.59,0.58,0.56,0.55,0.55,0.52,0.5,0.48
CPV,Cape Verde,Climate Watch,Total including LUCF,All GHG,MtCO₂e,0.65,0.63,0.67,0.65,0.61,0.61,0.61,0.6,0.61,0.63,0.66,0.64,0.6,0.56,0.56,0.62,0.54,0.53,0.5,0.48,0.45,-0.05,-0.05,-0.1,-0.13,-0.15,-0.14,-0.19,-0.17,-0.16,-0.2,-0.2
AND,Andorra,Climate Watch,Total including LUCF,All GHG,MtCO₂e,0.49,0.5,0.61,0.62,0.59,0.59,0.58,0.57,0.59,0.6,0.6,0.63,0.62,0.64,0.64,0.64,0.66,0.64,0.61,0.6,0.59,0.59,0.57,0.54,0.51,0.49,0.46,0.44,0.44,0.43,0.43,0.43
BTN,Bhutan,Climate Watch,Total including LUCF,All GHG,MtCO₂e,0.41,0.25,0.79,0.81,0.67,0.58,0.39,0.35,0.21,0.19,0.05,-5.48,-5.61,-5.54,-5.52,-5.6,-5.63,-5.77,-5.71,-5.68,-5.69,-5.62,-5.56,-5.6,-5.6,-5.68,-5.71,-5.79,-5.82,-5.78,-5.76,-5.72
STP,Sao Tome and Principe,Climate Watch,Total including LUCF,All GHG,MtCO₂e,0.4,0.4,0.4,0.4,0.41,0.4,0.39,0.38,0.36,0.36,0.34,0.14,0.13,0.12,0.11,0.11,0.11,0.11,0.1,0.09,0.08,0.08,0.08,0.08,0.07,0.07,0.07,0.07,0.07,0.07,0.07,0.07
KNA,Saint Kitts and Nevis,Climate Watch,Total including LUCF,All GHG,MtCO₂e,0.35,0.34,0.35,0.35,0.34,0.34,0.33,0.32,0.32,0.32,0.34,0.33,0.33,0.32,0.32,0.3,0.29,0.31,0.29,0.29,0.28,0.27,0.25,0.25,0.23,0.22,0.21,0.21,0.2,0.19,0.19,0.19
TON,Tonga,Climate Watch,Total including LUCF,All GHG,MtCO₂e,0.35,0.34,0.31,0.28,0.28,0.27,0.25,0.26,0.26,0.25,0.25,0.26,0.28,0.26,0.26,0.27,0.25,0.25,0.26,0.23,0.23,0.23,0.25,0.24,0.24,0.24,0.26,0.26,0.26,0.25,0.26,0.25
VCT,Saint Vincent and the Grenadines,Climate Watch,Total including LUCF,All GHG,MtCO₂e,0.35,0.34,0.32,0.33,0.31,0.34,0.33,0.35,0.31,0.32,0.31,0.32,0.37,0.31,0.33,0.31,0.31,0.31,0.29,0.28,0.28,0.2,0.21,0.21,0.18,0.17,0.17,0.16,0.15,0.12,0.12,0.11
PLW,Palau,Climate Watch,Total including LUCF,All GHG,MtCO₂e,0.26,0.25,0.25,0.24,0.24,0.23,0.24,0.24,0.25,0.25,0.24,0.24,0.23,0.23,0.24,0.25,0.25,0.24,0.23,0.23,0.23,0.23,0.22,0.22,0.22,0.21,0.21,0.21,0.21,0.21,0.01,0.01
DMA,Dominica,Climate Watch,Total including LUCF,All GHG,MtCO₂e,0.22,0.21,0.23,0.22,0.21,0.23,0.24,0.23,0.22,0.23,0.21,0.23,0.24,0.23,0.23,0.21,0.21,0.2,0.17,0.16,0.2,0.25,0.23,0.23,0.24,0.23,0.25,0.25,0.25,0.24,0.25,0.24
FSM,Micronesia,Climate Watch,Total including LUCF,All GHG,MtCO₂e,0.21,0.2,0.2,0.2,0.19,0.19,0.19,0.19,0.19,0.18,0.16,0.15,0.19,0.15,0.17,0.16,0.16,0.19,0.2,0.19,0.21,0.22,0.23,0.25,0.24,0.23,0.22,0.14,0.13,0.12,-0.02,0.01
MHL,Marshall Islands,Climate Watch,Total including LUCF,All GHG,MtCO₂e,0.21,0.2,0.2,0.2,0.2,0.19,0.19,0.18,0.18,0.18,0.18,0.18,0.17,0.17,0.17,0.16,0.15,0.15,0.15,0.15,0.14,0.13,0.13,0.13,0.12,0.12,0.12,0.12,0.11,0.11,0.03,0.03
LIE,Liechtenstein,Climate Watch,Total including LUCF,All GHG,MtCO₂e,0.16,0.16,0.16,0.16,0.17,0.16,0.17,0.18,0.21,0.2,0.19,0.23,0.25,0.26,0.24,0.27,0.27,0.27,0.27,0.26,0.25,0.25,0.26,0.26,0.25,0.23,0.23,0.23,0.24,0.23,0.23,0.22
KIR,Kiribati,Climate Watch,Total including LUCF,All GHG,MtCO₂e,0.11,0.1,0.11,0.1,0.1,0.09,0.09,0.09,0.09,0.08,0.08,0.08,0.08,0.08,0.08,0.08,0.08,0.07,0.06,0.06,0.06,0.06,0.05,0.05,0.05,0.05,0.05,0.04,0.05,0.04,0.04,0.04
COK,Cook Islands,Climate Watch,Total including LUCF,All GHG,MtCO₂e,0.08,0.08,0.09,0.09,0.09,0.09,0.09,0.1,0.09,0.09,0.09,0.09,0.08,0.08,0.08,0.08,0.07,0.07,0.06,0.06,0.07,0.05,0.05,0.05,0.05,0.05,0.04,0.04,0.04,0.03,0.03,0.03
NRU,Nauru,Climate Watch,Total including LUCF,All GHG,MtCO₂e,0.06,0.06,0.06,0.06,0.06,0.06,0.06,0.06,0.05,0.05,0.05,0.05,0.05,0.05,0.05,0.05,0.07,0.07,0.07,0.08,0.09,0.09,0.1,0.1,0.11,0.11,0.11,0.12,0.12,0.12,0.13,0.13
TUV,Tuvalu,Climate Watch,Total including LUCF,All GHG,MtCO₂e,0.02,0.02,0.02,0.02,0.02,0.02,0.02,0.02,0.02,0.02,0.02,0.02,0.02,0.02,0.03,0.02,0.02,0.02,0.02,0.02,0.02,0.02,0.02,0.02,0.02,0.02,0.02,0.02,0.02,0.02,0.02,0.01
NIU,Niue,Climate Watch,Total including LUCF,All GHG,MtCO₂e,0.01,0.01,0.01,0.01,0.01,0.01,0.01,0.0,0.0,0.0,0.0,0.01,0.01,0.01,0.01,0.01,0.01,0.01,0.01,0.01,0.01,0.01,0.01,0.01,0.01,0.01,0.01,0.01,0.01,0.01,0.01,0.01
FJI,Fiji,Climate Watch,Total including LUCF,All GHG,MtCO₂e,-0.84,-0.81,-0.37,-0.49,-0.55,-0.73,-0.66,-0.72,-0.36,-0.5,-0.47,-0.37,-0.68,-0.58,-0.31,-0.25,-0.36,-0.11,-0.42,-0.55,-0.37,-0.6,-0.63,-0.6,-0.56,-0.55,-0.6,-0.67,-0.71,-0.77,-0.82,-0.84
